Date,.Net Developer,Acquisition Consultant,Agile Business Analyst,Analyst Developer,Analyst Programmer,Analytics Consultant,Analytics Manager,Analytics Specialist,Android Developer,Angular Developer,Application Architect,Application Consultant,Application Specialist,Applications Analyst,Applications Developer,Applications Manager,Applications Officer,Applications Support Analyst,Architecture Manager,Asset Analyst,Automation Analyst,Automation Consultant,Automation Engineer,Automation Manager,Automation Specialist,Backend Developer,Benefits Specialist,Business Analyst,Business Consultant,Business Intelligence Analyst,Business Intelligence Consultant,Business Intelligence Software Developer,Business Process Analyst,Business Systems Analyst,C# Developer,Campaign Analyst,Capability Manager,Capability Specialist,Capacity Manager,Change Analyst,Change Manager,Change and Communications Manager,Change and Release Manager,Chief Information Officer,Chief Technology Officer,Cloud Architect,Cloud Consultant,Cloud Developer,Cloud Engineer,Cloud Specialist,Communications Technician,Computer Engineer,Computer Technician,Configuration Specialist,Content Administrator,Content Developer,Customer Relationship Management Developer,Cyber Security Analyst,Data Analyst,Data Architect,Data Consultant,Data Developer,Data Engineer,Data Manager,Data Officer,Data Specialist,Data Warehouse Developer,Data Warehouse Specialist,Database Administrator,Database Developer,Delivery Consultant,Delivery Director,Delivery Engineer,Delivery Lead,Delivery Manager,Deployment Engineer,Design Specialist,Design Team Leader,Desktop Support Specialist,DevOps Engineer,Developer,Development Specialist,Development Team Leader,Digital Business Analyst,Digital Project Manager,Domain Architect,Drupal Developer,Engagement Manager,Engineer,Engineering Lead,Enterprise Architect,Experience Consultant,Experience Executive,Extract Transform Load Developer,Field Engineer,Firmware Engineer,Front End Developer,Full Stack Developer,Functional Analyst,Functional Consultant,Functional Specialist,Game Designer,Game Developer,Hardware Technician,Helpdesk Analyst,Helpdesk Coordinator,Helpdesk Manager,Helpdesk Officer,Helpdesk Operator,Helpdesk Team Leader,Helpdesk Technician,IT Business Analyst,IT Consultant,IT Manager,IT Project Manager,IT Service Desk Analyst,IT Support Engineer,IT Support Officer,IT Support Technician,IT Technician,Implementation Consultant,Implementation Engineer,Implementation Manager,Implementation Specialist,Incident Manager,Incident and Problem Manager,Information Analyst,Information Management Manager,Information Manager,Information Security Analyst,Information Technology Director,Information Technology Specialist,Infrastructure Analyst,Infrastructure Architect,Infrastructure Consultant,Infrastructure Engineer,Infrastructure Lead,Infrastructure Manager,Infrastructure Officer,Infrastructure Project Manager,Infrastructure Specialist,Innovation Officer,Insights Analyst,Integration Analyst,Integration Consultant,Integration Developer,Integration Engineer,Integration Manager,Integration Specialist,Intelligence Manager,Java Developer,Java Engineer,JavaScript Developer,Licensing Specialist,Magento Developer,Management Analyst,Mobile Application Developer,Mobile Developer,Monitoring Engineer,Network Administrator,Network Architect,Network Consultant,Network Engineer,Network Specialist,Network Technician,Network and Systems Engineer,Operations Engineer,Operations Lead,Operations Specialist,Optimisation Analyst,Optimisation Specialist,PHP Developer,Penetration Tester,Performance Consultant,Performance Engineer,Platform Engineer,Platform Manager,Platform Specialist,Portfolio Analyst,Portfolio Manager,Portfolio Specialist,Presales Consultant,Presales Engineer,Problem Manager,Process Analyst,Product Analyst,Product Designer,Product Lead,Product Manager,Product Owner,Program Analyst,Program Coordinator,Program Director,Program Manager,Programme Coordinator,Programmer,Programmer Analyst,Project Coordinator,Project Management Officer,Project Manager,Project Support Officer,Python Developer,Quality Analyst,Quality Assurance Engineer,Quality Engineer,Report Developer,Reporting Administrator,Reporting Analyst,Reporting Manager,Reporting Specialist,Resource Manager,SQL Developer,Safety Engineer,Salesforce Administrator,Salesforce Developer,Scrum Master,Search Engine Optimisation Specialist,Security Administrator,Security Adviser,Security Analyst,Security Architect,Security Consultant,Security Engineer,Security Specialist,Server Engineer,Service Delivery Analyst,Service Delivery Officer,Service Desk Analyst,Service Desk Consultant,Service Desk Manager,Service Desk Officer,Service Desk Technician,Service Director,Service Operator,Sitecore Developer,Software Architect,Software Developer,Software Engineer,Solutions Analyst,Solutions Architect,Solutions Consultant,Solutions Designer,Solutions Developer,Solutions Engineer,Solutions Manager,Support Analyst,Support Assistant,Support Consultant,Support Developer,Support Engineer,Support Executive,Support Practitioner,Support Representative,Support Specialist,Support Team Leader,Support Technician,Systems Administrator,Systems Analyst,Systems Architect,Systems Consultant,Systems Coordinator,Systems Engineer,Systems Manager,Systems Officer,Systems Operator,Systems Specialist,Systems Team Leader,Systems Technician,TM1 Consultant,Technical Analyst,Technical Architect,Technical Business Analyst,Technical Consultant,Technical Lead,Technical Manager,Technical Support Specialist,Technical Writer,Technology Analyst,Technology Consultant,Technology Manager,Technology Officer,Technology Specialist,Telecommunications Engineer,Telecommunications Technician,Test Consultant,Test Manager,Test Specialist,Tester,Testing Analyst,Testing Engineer,Transformation Manager,Transition Manager,Transition Specialist,User Experience Designer,User Experience and Interface Designer,User Interface Designer,User Interface Developer,Vendor Manager,Vice President,Voice Engineer,Web Designer,Web Developer
2/04/2023,2161,6,1499,186,1099,33,217,29,498,232,286,31,167,134,310,174,74,2999,62,18,63,11,601,35,22,406,4,6945,155,722,149,179,2082,2042,7532,76,68,60,21,694,1662,1387,801,262,150,852,51,68,1264,47,490,584,557,19,4,27,116,529,5164,897,66,111,1488,785,120,244,95,72,347,280,86,68,911,2594,2600,67,89,589,521,2076,9266,136,2698,1153,2208,387,9,57,12446,624,856,350,74,23,996,119,2277,1274,154,192,42,232,774,80,1410,2,127,1323,313,230,79,2178,259,3559,3754,1498,2114,1406,1322,599,253,108,222,42,252,296,72,507,220,272,187,618,48,1059,9,2189,223,404,15,1832,46,4,259,49,24,372,145,68,69,22,2373,116,755,2,13,198,296,311,34,1234,904,118,3863,1059,384,1431,206,224,195,7,6,1056,593,15,85,392,125,68,122,175,30,136,130,108,1316,266,3437,575,2410,1041,131,265,2323,4489,51,2058,151,2857,389,12334,991,1304,1425,387,911,59,88,1938,2668,56,420,1937,24,210,893,680,55,46,33,660,677,575,647,317,604,410,345,2531,138,995,1498,1738,343,56,37,408,3967,3672,212,1121,149,4802,252,695,274,4139,302,3788,244,3797,100,188,90,1442,3469,3046,1534,1545,114,33,19,5372,292,77,18,2359,526,156,3,680,532,2634,229,1396,761,1265,1253,118,74,366,108,300,519,1376,1299,1412,34,4133,1809,1811,149,34,9,396,213,170,305,59,22,42,1719,2493
3/04/2023,2160,6,1504,185,1116,30,210,31,499,232,286,31,159,136,303,186,74,2980,59,14,68,11,610,37,23,400,6,6901,149,714,145,183,2093,2039,7509,75,62,63,22,701,1682,1381,806,266,156,862,54,67,1276,47,492,590,559,19,4,26,112,546,5192,917,63,112,1463,793,125,243,94,69,356,275,85,66,895,2591,2597,65,89,576,511,2096,9167,135,2702,1139,2208,372,9,57,12482,636,879,349,68,23,990,122,2282,1283,158,196,40,228,786,79,1409,2,120,1320,303,226,75,2150,260,3568,3770,1490,2136,1414,1331,602,251,110,222,38,237,300,71,513,233,276,186,618,50,1061,9,2175,220,403,14,1845,48,4,259,45,24,383,147,65,72,23,2342,118,749,2,11,199,301,312,30,1256,902,118,3885,1053,378,1426,213,221,191,7,6,1065,603,17,82,394,117,66,122,166,27,136,128,105,1310,268,3440,568,2350,1028,135,272,2311,4497,53,2070,153,2820,392,12288,988,1294,1422,378,906,59,84,1827,2679,53,417,1950,24,211,894,663,57,48,31,681,693,576,659,316,624,412,341,2529,130,983,1488,1713,336,60,37,411,3991,3637,210,1140,148,4834,261,705,269,4135,299,3775,250,3783,96,192,91,1441,3441,3047,1565,1530,124,34,20,5319,284,74,18,2343,525,171,3,682,539,2626,228,1373,757,1262,1237,116,73,354,112,285,496,1371,1322,1423,25,4093,1833,1834,146,39,9,398,216,170,309,58,22,40,1736,2497
4/04/2023,2166,6,1539,188,1148,29,213,31,520,234,291,31,162,140,322,198,74,3062,64,12,71,12,638,37,23,405,8,7124,159,747,152,186,2147,2090,7689,71,58,62,21,747,1741,1475,827,276,165,880,53,60,1294,49,508,619,579,21,4,27,111,557,5347,942,68,112,1509,815,127,242,93,67,359,272,83,68,928,2670,2714,69,87,597,521,2140,9525,134,2797,1176,2298,400,8,52,12798,663,915,362,70,21,1022,124,2301,1294,161,201,40,231,808,82,1436,2,127,1344,297,238,77,2221,264,3714,3882,1532,2202,1446,1379,617,256,109,237,40,254,311,68,523,238,280,200,630,55,1091,9,2222,230,414,17,1922,47,5,266,48,24,382,152,67,68,23,2414,122,758,2,11,200,321,326,31,1304,927,124,3997,1081,398,1464,209,230,194,7,6,1088,622,18,79,395,130,67,124,177,26,141,123,107,1346,273,3497,591,2416,1051,136,278,2415,4654,55,2101,158,2910,406,12574,1017,1339,1482,379,922,61,82,1999,2732,54,425,1967,24,216,940,689,60,47,32,691,710,581,670,316,656,420,353,2582,136,1029,1521,1770,325,56,39,418,4053,3753,214,1167,159,4990,267,711,261,4239,304,3857,253,3861,102,200,91,1474,3539,3115,1590,1566,124,37,20,5505,298,80,18,2382,547,173,3,698,557,2688,235,1415,767,1285,1262,116,82,377,119,286,522,1400,1357,1460,26,4257,1868,1872,151,41,6,397,214,171,310,57,22,42,1755,2525
5/04/2023,2193,7,1540,192,1180,29,217,31,543,235,284,31,165,144,343,197,69,3074,62,13,71,12,653,37,28,414,8,7165,162,758,150,184,2154,2093,7812,75,53,63,19,750,1762,1510,840,276,163,871,53,61,1305,53,501,633,588,22,4,26,108,547,5403,939,68,117,1509,827,130,246,95,68,354,277,85,68,942,2695,2728,72,88,612,527,2174,9628,138,2835,1177,2323,404,8,62,13037,672,918,366,64,20,1043,121,2319,1301,156,199,41,238,812,84,1444,2,127,1353,304,235,78,2228,263,3749,3879,1547,2231,1452,1400,623,258,114,230,39,262,319,67,530,245,282,205,629,49,1087,9,2245,231,413,21,1940,47,4,252,48,24,385,155,66,67,32,2442,127,769,2,10,207,319,327,33,1310,929,130,4044,1088,411,1502,212,233,198,8,6,1101,630,18,76,396,132,64,127,172,25,144,126,108,1360,273,3540,596,2425,1048,136,281,2428,4674,55,2141,163,2959,401,12735,1024,1355,1497,375,922,64,89,2013,2768,57,439,1985,24,214,953,686,62,43,33,699,686,594,679,319,661,428,351,2609,136,1037,1534,1779,331,62,42,408,4117,3803,212,1169,160,5032,264,714,267,4255,303,3870,258,3865,104,209,91,1492,3574,3127,1597,1582,130,37,17,5587,305,88,15,2407,554,179,1,703,557,2697,235,1434,778,1292,1284,118,81,377,127,290,524,1424,1377,1480,27,4293,1895,1898,160,40,6,400,216,170,309,60,22,41,1616,2547
6/04/2023,2226,6,1562,190,1202,31,217,30,546,237,281,35,175,124,345,194,69,3115,65,17,64,13,663,30,24,417,7,7282,171,759,151,194,2164,2095,7959,79,56,63,19,750,1785,1529,848,299,168,886,56,64,1328,54,496,640,577,20,4,23,114,566,5462,945,71,126,1518,840,125,253,110,71,369,291,84,66,950,2740,2762,74,91,630,524,2199,9750,138,2926,1179,2346,410,6,64,13216,696,939,375,69,29,1074,116,2377,1332,153,204,41,246,839,80,1462,1,127,1367,323,241,78,2226,266,3838,3930,1560,2262,1484,1388,614,264,119,233,40,257,311,68,548,264,288,215,644,49,1100,8,2297,259,425,22,1957,51,4,271,51,22,399,161,68,66,41,2501,132,783,2,10,212,317,333,35,1319,943,140,4080,1098,420,1510,215,252,206,8,8,1129,639,19,80,404,136,64,141,175,23,144,129,105,1367,282,3559,606,2455,1060,137,297,2472,4714,57,2189,169,2980,413,12863,1032,1378,1518,375,911,79,87,2026,2826,54,443,2046,23,214,985,698,68,44,37,706,730,609,700,338,667,423,348,2631,139,1037,1547,1801,390,63,43,409,4190,3867,199,1184,162,5077,276,707,273,4286,314,3918,259,3920,105,216,94,1510,3655,3190,1618,1578,137,34,17,5699,315,117,16,2451,571,182,1,676,556,2709,232,1436,802,1312,1306,125,77,397,128,311,530,1411,1385,1501,29,4309,1912,1914,170,42,6,394,215,170,313,71,22,38,1785,2608
7/04/2023,2145,7,1532,181,1168,31,210,26,536,231,273,33,164,122,345,185,66,3010,65,17,62,14,627,30,24,401,7,7054,170,729,150,184,2100,2035,7764,77,54,59,19,725,1730,1496,818,283,165,854,53,66,1303,50,472,613,575,20,4,22,116,540,5288,905,71,129,1486,812,119,261,108,71,358,275,80,63,924,2666,2677,76,86,611,507,2116,9428,138,2848,1168,2262,397,5,62,12845,673,902,365,68,28,1041,113,2282,1292,146,197,40,238,812,87,1473,1,124,1340,322,237,73,2171,259,3726,3819,1519,2223,1460,1377,611,251,110,225,42,252,304,67,527,254,269,208,635,49,1064,7,2267,254,413,21,1905,49,3,268,49,22,386,160,65,65,38,2420,127,748,2,10,211,309,326,35,1313,925,153,4016,1084,419,1499,210,245,209,8,8,1089,613,19,82,412,150,64,134,173,23,143,125,103,1323,280,3429,597,2400,1040,128,292,2403,4578,56,2102,161,2896,400,12496,1002,1334,1466,363,885,73,90,1947,2734,51,424,1970,23,214,958,688,68,43,38,672,708,592,686,319,674,416,331,2570,136,1009,1511,1750,386,62,44,391,4032,3395,195,1148,157,4924,275,674,272,4166,308,3800,246,3807,100,215,94,1482,3564,3103,1607,1542,138,33,17,5564,309,116,17,2408,560,178,1,656,527,2642,224,1374,772,1275,1269,119,77,386,122,315,522,1363,1343,1450,29,4154,1854,1855,165,41,6,381,208,151,300,70,26,37,1736,2497
8/04/2023,2077,7,1487,175,1132,31,205,26,464,221,265,32,161,118,336,181,64,2930,62,17,61,13,613,30,23,396,7,6865,165,710,149,182,2045,1975,7524,75,53,58,19,696,1673,1445,798,279,162,831,52,61,1266,46,451,599,565,20,4,22,112,520,5146,883,71,128,1440,788,118,251,107,70,347,269,79,62,900,2590,2603,71,83,585,494,2057,9164,137,2772,1132,2194,390,5,59,12499,660,879,353,64,28,1010,110,2210,1252,143,193,38,230,773,88,1395,1,122,1306,315,229,72,2105,253,3640,3706,1479,2172,1436,1354,599,242,103,222,42,238,287,66,516,247,254,206,616,49,1028,7,2203,253,403,20,1843,46,3,261,49,21,380,159,65,63,38,2341,123,730,2,10,203,295,312,36,1277,895,152,3894,1054,410,1453,201,241,195,7,8,1043,588,19,82,397,142,60,132,170,21,140,122,97,1295,272,3337,580,2313,1005,125,287,2344,4448,54,2024,156,2820,394,12149,982,1284,1430,356,868,72,88,1891,2657,49,412,1915,22,209,917,665,68,43,37,647,691,567,663,312,654,401,329,2515,132,982,1476,1706,377,59,43,386,3926,3608,188,1112,156,4782,266,651,264,4049,299,3690,232,3699,97,209,92,1444,3475,3019,1560,1504,136,33,17,5402,296,114,16,2342,538,172,1,639,513,2571,218,1344,747,1241,1227,117,74,377,121,305,512,1309,1318,1423,27,4044,1819,1822,160,41,6,372,204,159,288,69,24,37,1683,2412
9/04/2023,2016,7,1434,169,1099,31,197,26,499,210,261,32,158,112,331,174,62,2843,62,17,57,12,583,26,21,380,7,6657,160,693,143,178,1970,1905,7303,72,52,58,19,672,1627,1391,769,272,156,822,48,58,1241,46,440,581,539,19,3,22,109,508,5004,872,69,127,1412,770,115,246,106,69,340,266,74,62,887,2495,2524,70,83,566,469,2015,8898,130,2696,1088,2129,371,2,57,12096,645,871,340,64,27,968,109,2136,1211,141,184,38,222,744,88,1336,1,120,1252,308,224,68,2031,250,3529,3600,1422,2109,1388,1305,572,237,102,216,42,249,278,62,505,241,250,204,600,49,1012,7,2148,246,388,20,1795,44,3,252,49,17,367,154,65,60,37,2259,117,702,2,9,202,282,298,33,1240,884,152,3773,1022,402,1407,194,236,188,6,8,999,575,19,82,394,140,58,131,168,21,135,117,92,1245,256,3232,565,2234,959,125,284,2266,4319,52,1960,150,2753,390,11795,960,1242,1374,343,846,71,84,1841,2578,48,407,1864,22,194,876,636,66,41,34,633,678,557,651,306,632,394,321,2424,130,952,1412,1637,365,58,41,378,3797,3492,183,1093,147,4648,260,641,255,3920,295,3582,225,3586,95,202,90,1390,3375,2915,1516,1456,134,32,17,5211,284,113,16,2285,528,165,1,624,504,2487,207,1314,722,1199,1192,114,74,369,118,297,496,1270,1268,1365,24,3915,1760,1763,158,41,6,355,196,151,282,69,23,37,1637,2334
10/04/2023,1966,6,1408,164,1069,29,186,26,484,206,253,30,156,109,317,168,61,2751,61,15,55,12,552,26,21,368,7,6481,153,671,136,175,1920,1857,7022,71,51,58,19,656,1595,1356,755,269,153,800,46,57,1196,43,436,570,519,19,3,20,106,501,4865,855,67,117,1366,746,111,240,100,65,326,255,72,58,862,2445,2478,64,82,538,454,1959,8651,130,2616,1060,2081,358,2,56,11689,628,853,330,64,26,930,106,2075,1185,135,180,38,218,734,86,1303,1,113,1222,302,218,66,1980,245,3442,3509,1382,2058,1340,1270,552,234,96,213,40,225,271,59,485,228,242,195,583,47,989,7,2092,240,377,18,1756,44,3,247,49,17,358,153,66,60,37,2204,113,686,2,9,196,280,296,33,1209,866,153,3664,995,398,1362,190,233,185,6,8,974,564,18,82,377,131,58,129,168,19,134,113,91,1215,251,3139,552,2181,943,125,275,2219,4222,52,1914,144,2644,381,11482,934,1212,1339,338,821,70,82,1789,2482,47,394,1816,21,184,859,626,63,39,32,613,666,539,633,301,616,383,310,2348,127,924,1375,1596,353,57,38,365,3693,3403,180,1069,141,4525,259,629,245,3789,283,3462,222,3464,93,186,85,1357,3296,2821,1487,1427,130,33,16,5079,281,110,15,2219,515,155,1,614,491,2424,204,1286,697,1166,1152,107,71,356,114,292,487,1233,1233,1327,23,3806,1715,1719,156,39,6,346,190,147,273,68,22,36,1589,2271
11/04/2023,2004,6,1432,168,1094,22,191,27,491,211,250,32,155,112,319,165,59,2772,58,15,55,12,565,26,21,377,7,6533,158,689,124,175,1955,1889,7141,74,48,59,19,666,1623,1385,755,270,157,808,48,57,1206,45,443,570,518,19,2,18,111,491,4934,859,61,120,1375,752,110,237,102,66,332,261,72,58,882,2471,2510,64,85,548,464,1983,8793,129,2675,1085,2124,362,3,55,11882,647,851,335,67,26,946,106,2113,1207,129,176,38,226,758,86,1326,1,119,1244,299,225,68,2020,250,3462,3562,1418,2074,1373,1293,549,241,100,215,42,236,290,58,476,224,246,190,575,46,990,8,2097,243,379,16,1775,47,3,250,53,17,364,155,66,60,37,2249,118,693,2,9,197,288,305,32,1211,871,156,3686,1021,411,1388,186,223,184,5,8,1002,556,18,82,382,140,57,137,171,18,136,117,94,1231,240,3192,575,2223,966,130,278,2235,4266,51,1951,145,2678,381,11680,941,1239,1366,344,823,71,84,1817,2547,41,401,1859,22,184,876,647,66,39,35,606,659,542,640,306,627,389,313,2394,132,970,1404,1640,367,58,38,369,3746,3441,189,1069,149,4587,261,630,248,3839,281,3490,221,3504,90,200,87,1377,3339,2864,1497,1451,131,36,15,5145,284,109,12,2232,524,161,1,630,492,2453,214,1308,703,1166,1173,121,73,358,113,289,488,1250,1261,1357,23,3846,1748,1752,160,39,7,350,193,145,273,70,24,37,1640,2301
12/04/2023,2019,6,1441,169,1100,25,193,27,500,212,251,31,159,114,320,167,59,2794,61,15,56,12,572,26,22,380,6,6589,158,695,126,177,1969,1901,7206,74,48,59,19,672,1634,1395,760,272,157,814,48,58,1214,45,446,574,522,19,2,18,111,497,4971,865,63,119,1386,758,111,239,101,67,336,265,72,58,889,2490,2530,65,85,555,467,1998,8875,130,2694,1094,2141,368,3,56,11980,647,857,338,67,25,956,106,2132,1216,130,177,38,227,764,85,1339,1,121,1253,303,227,68,2036,251,3491,3588,1429,2086,1383,1301,553,242,101,217,40,243,291,58,481,226,248,191,579,48,997,8,2113,241,382,16,1788,46,3,255,49,17,367,154,66,60,35,2271,118,699,1,9,198,290,307,32,1218,877,154,3712,1028,407,1398,187,226,187,5,7,1011,561,17,81,386,137,57,133,171,18,136,118,94,1240,243,3215,576,2243,973,130,278,2255,4298,51,1968,146,2703,385,11767,947,1250,1378,345,826,69,85,1856,2570,42,404,1875,22,186,884,653,65,39,34,611,673,547,644,310,628,391,315,2412,133,976,1415,1655,362,58,38,371,3777,3546,190,1076,150,4621,261,633,250,3867,284,3515,223,3530,91,199,88,1387,3366,2888,1505,1460,130,34,15,5192,287,106,13,2248,527,162,1,634,496,2469,215,1319,710,1174,1183,117,74,363,113,292,496,1259,1270,1368,25,3881,1759,1763,158,38,7,351,194,148,274,68,23,37,1680,2321
13/04/2023,2031,6,1449,170,1105,26,194,27,504,214,252,31,160,116,321,168,59,2813,61,15,57,12,578,27,22,383,6,6634,158,700,128,179,1980,1912,7256,74,49,59,19,677,1642,1402,765,273,157,819,49,59,1221,46,449,578,526,19,2,18,111,502,5000,870,64,119,1394,762,112,241,100,68,339,268,73,59,894,2506,2546,66,85,561,471,2009,8938,131,2707,1101,2154,373,3,57,12056,648,862,340,67,25,964,107,2147,1223,131,179,38,228,768,84,1349,1,121,1260,305,228,69,2049,252,3513,3610,1438,2095,1391,1308,556,244,103,219,40,245,292,58,485,228,251,192,582,48,1003,8,2125,240,385,16,1798,46,3,257,49,17,369,154,66,61,35,2287,119,704,1,9,199,292,308,33,1224,881,153,3732,1033,405,1406,189,228,189,5,7,1018,565,17,81,389,135,57,131,171,18,137,119,95,1248,245,3234,578,2259,980,130,277,2270,4323,51,1981,148,2723,387,11836,953,1258,1387,347,830,68,85,1877,2587,42,407,1887,22,187,890,657,64,40,34,616,680,551,647,312,629,393,318,2426,133,981,1424,1666,359,58,38,373,3801,3582,191,1082,151,4648,262,636,253,3891,286,3537,224,3552,93,199,88,1394,3387,2907,1511,1468,129,34,15,5226,289,104,14,2261,529,163,1,637,499,2482,217,1327,716,1180,1192,117,74,366,113,294,500,1267,1277,1376,26,3908,1769,1773,158,38,7,353,195,151,276,67,22,37,1687,2338
14/04/2023,1995,5,1443,165,1078,22,197,35,479,214,242,32,160,116,307,165,61,2764,55,15,57,14,586,24,23,355,7,6612,163,699,125,184,1972,1908,7173,80,57,71,23,678,1644,1392,761,293,172,787,45,55,1202,40,431,574,516,19,3,17,120,509,5025,844,61,121,1367,757,105,239,104,68,342,273,74,58,879,2509,2564,70,77,572,465,1939,8818,139,2709,1093,2146,369,2,58,11935,676,845,341,70,33,935,93,2083,1192,121,176,39,230,770,87,1309,0,126,1240,303,229,66,2026,246,3525,3690,1411,2067,1377,1303,544,244,93,206,41,236,285,66,482,220,244,189,626,46,990,9,2090,248,392,18,1800,44,3,266,53,18,350,141,59,57,42,2237,110,693,2,7,199,296,307,38,1209,850,154,3658,997,387,1367,179,218,186,7,7,997,573,20,83,337,131,60,139,173,19,131,119,92,1239,249,3229,590,2219,946,136,276,2264,4385,48,1942,145,2676,401,11828,983,1239,1370,334,830,80,86,1826,2549,46,409,1869,20,181,870,645,63,39,36,618,669,556,668,324,622,377,335,2402,136,972,1390,1642,342,60,39,359,3742,3430,187,1065,136,4577,259,599,237,3878,284,3504,223,3529,105,205,79,1377,3430,2851,1490,1462,117,39,15,5146,281,109,10,2228,536,164,2,624,473,2481,217,1313,714,1181,1172,141,78,369,115,302,483,1263,1264,1354,26,3886,1746,1752,162,39,5,348,208,154,278,70,27,33,1622,2295
15/04/2023,1987,5,1380,162,1052,23,201,35,496,206,232,36,153,119,305,172,60,2733,55,14,50,13,584,24,23,353,6,6530,166,691,125,180,1928,1868,7106,78,61,74,23,661,1600,1364,744,281,169,750,43,52,1159,37,422,562,498,17,4,20,112,505,5031,828,75,125,1364,760,92,231,106,72,336,271,75,53,864,2426,2473,75,78,579,443,1946,8784,121,2630,1067,2108,347,5,57,11803,660,814,325,69,31,914,93,2099,1172,125,172,35,240,767,81,1249,0,120,1189,304,233,59,1995,244,3442,3598,1366,1976,1345,1270,528,234,86,196,39,238,296,63,466,212,248,170,588,36,948,9,2004,250,380,18,1742,36,3,260,52,17,344,136,64,55,43,2217,117,696,1,7,188,328,330,40,1173,831,143,3532,978,375,1363,172,218,163,6,7,995,562,21,83,333,133,64,125,160,20,133,118,99,1202,236,3176,577,2158,901,136,258,2184,4281,44,1979,146,2606,385,11535,952,1209,1346,321,791,80,86,1804,2499,46,391,1843,18,173,850,609,58,34,33,617,659,549,657,322,593,375,330,2323,134,940,1329,1577,350,56,37,342,3783,3449,178,1021,135,4514,251,568,223,3813,287,3429,218,3458,100,203,85,1326,3317,2782,1435,1429,114,37,16,5016,275,108,12,2154,519,168,2,612,447,2444,228,1270,671,1128,1164,139,70,356,116,285,474,1216,1250,1335,27,3938,1766,1768,165,33,5,332,207,156,275,66,27,30,1649,2323
16/04/2023,1960,5,1369,158,1046,23,199,35,492,204,232,36,150,115,302,172,60,2697,55,12,48,12,578,24,23,345,6,6470,167,684,125,179,1912,1850,7068,77,61,72,23,655,1575,1345,738,276,167,738,43,51,1137,37,421,560,494,17,4,20,109,500,4992,818,75,122,1339,753,92,229,105,71,335,270,75,52,848,2405,2454,74,78,571,440,1922,8698,119,2598,1056,2087,344,5,58,11684,651,803,322,69,31,906,92,2077,1162,120,169,35,239,764,80,1237,0,119,1177,301,231,59,1979,244,3405,3564,1355,1948,1333,1262,523,229,85,195,38,233,293,63,463,208,247,169,585,36,938,9,1979,246,379,18,1729,36,3,257,51,17,342,134,63,55,43,2192,117,689,1,7,186,324,326,40,1155,819,141,3478,964,370,1340,170,215,162,6,7,987,559,21,80,322,123,64,123,158,20,132,117,99,1197,236,3134,573,2131,895,136,254,2162,4246,43,1961,145,2581,384,11448,941,1202,1330,317,780,80,84,1793,2480,46,388,1832,18,166,837,602,59,31,33,614,655,545,647,320,583,372,323,2302,134,936,1317,1564,347,57,35,340,3742,3405,178,1010,136,4462,248,560,221,3778,285,3398,216,3424,100,203,84,1314,3288,2759,1407,1421,113,37,15,4955,276,108,12,2127,511,167,2,611,445,2425,225,1255,670,1116,1147,137,70,352,116,281,467,1212,1236,1319,25,3895,1747,1749,161,33,5,330,205,154,274,64,27,29,1628,2304
17/04/2023,1969,4,1410,159,1041,24,190,38,487,200,227,35,149,111,296,175,56,2685,57,11,51,12,599,27,25,340,6,6448,169,703,121,176,1953,1891,7023,82,60,71,23,657,1579,1344,743,266,165,748,42,53,1182,40,427,565,496,16,4,18,115,491,4958,805,70,125,1376,760,93,238,106,75,345,278,76,48,864,2399,2469,75,75,594,431,1979,8678,119,2646,1084,2102,335,7,57,11581,651,793,335,71,29,901,88,2073,1165,126,170,31,246,769,84,1234,0,119,1175,318,229,59,2010,248,3408,3582,1351,1979,1316,1254,521,240,82,196,42,238,295,60,466,206,237,166,594,39,937,8,1991,241,377,17,1733,33,3,265,50,17,339,143,63,57,43,2188,119,696,1,7,182,326,326,40,1143,812,142,3473,945,369,1352,172,222,171,6,7,989,549,22,85,342,136,63,123,165,21,132,120,96,1217,237,3217,584,2193,909,139,247,2169,4258,43,1949,141,2559,385,11424,908,1216,1364,325,784,74,86,1835,2485,46,389,1846,18,161,832,616,63,32,34,598,659,542,642,326,578,364,306,2314,133,924,1315,1570,345,53,36,332,3758,3424,186,1016,139,4528,248,564,230,3802,284,3416,220,3440,101,199,86,1310,3285,2782,1405,1438,117,37,13,4963,272,100,11,2138,511,163,2,629,431,2462,227,1263,666,1118,1168,138,70,353,114,277,459,1194,1265,1347,32,3878,1778,1780,154,34,6,353,203,161,284,61,27,27,1678,2292
18/04/2023,1998,5,1448,163,1077,25,201,37,500,216,237,36,158,133,301,169,58,2727,58,13,51,12,617,30,26,344,6,6495,175,731,123,183,2015,1944,7180,82,58,67,22,684,1622,1395,776,262,157,753,44,56,1211,45,449,556,501,16,7,16,113,474,4962,812,71,125,1377,777,90,248,106,77,351,279,82,46,888,2456,2519,77,83,600,444,1968,8764,129,2691,1120,2115,344,7,55,11795,666,800,349,66,30,917,90,2077,1189,126,175,30,241,795,87,1281,0,123,1217,335,232,58,2062,254,3462,3605,1394,2007,1301,1274,532,252,86,194,48,252,300,64,471,196,238,154,606,44,953,9,2044,259,385,17,1748,37,3,252,57,21,352,144,61,56,43,2246,113,721,2,7,185,338,338,44,1175,828,147,3582,947,385,1333,190,226,186,6,7,1019,562,21,89,342,127,66,129,167,22,135,121,98,1252,254,3319,594,2264,939,147,254,2223,4302,44,1924,140,2609,386,11672,924,1254,1389,343,795,78,94,1894,2554,49,397,1878,18,162,863,642,63,35,32,586,686,560,664,337,580,381,297,2374,136,953,1356,1626,342,55,38,363,3734,3405,180,1030,146,4611,251,565,219,3874,289,3488,225,3518,99,203,91,1347,3343,2846,1444,1481,130,41,12,5075,275,100,11,2193,512,166,3,643,432,2526,231,1300,671,1155,1190,145,72,358,106,283,483,1244,1290,1372,33,3871,1766,1767,155,33,7,350,206,163,290,62,26,28,1633,2299
19/04/2023,2002,5,1468,164,1088,26,214,34,512,224,244,44,165,125,301,172,63,2781,59,14,55,12,647,32,29,354,6,6610,177,746,130,186,2053,1983,7383,80,60,72,23,691,1645,1405,791,257,156,761,45,54,1222,48,468,563,523,21,6,18,117,487,5023,820,73,125,1391,794,96,256,103,80,365,286,81,49,900,2497,2548,75,84,604,455,1989,8922,133,2730,1150,2130,361,12,56,11984,682,810,343,70,28,943,91,2102,1202,116,173,31,243,804,92,1304,0,124,1235,353,228,58,2105,254,3484,3662,1435,2029,1329,1307,559,258,88,201,50,250,306,61,497,211,248,153,616,43,960,9,2070,259,391,16,1783,39,3,263,57,20,356,146,60,59,42,2258,117,727,2,9,192,352,353,44,1209,839,149,3665,955,400,1347,193,218,191,6,7,1045,572,21,92,348,127,64,129,178,26,137,126,102,1280,258,3323,595,2267,933,152,260,2256,4364,46,1922,136,2671,403,11863,943,1251,1443,360,823,83,97,1930,2620,51,403,1889,17,164,883,639,63,33,32,597,672,568,669,340,589,386,320,2428,141,957,1378,1672,346,58,37,333,3772,3434,177,1045,152,4647,241,574,227,3934,289,3556,229,3582,99,198,89,1363,3372,2896,1472,1512,136,41,14,5151,274,102,11,2226,518,170,3,644,434,2576,232,1321,681,1183,1204,145,69,362,105,289,503,1284,1344,1426,36,3961,1830,1830,164,37,8,318,195,153,288,64,28,30,1629,2325
20/04/2023,1939,5,1439,159,1042,25,210,34,497,217,241,43,163,123,287,170,60,2696,59,14,54,11,631,31,28,345,6,6464,173,735,130,184,2012,1942,7182,79,59,72,23,677,1610,1365,769,256,156,746,44,52,1202,46,446,550,505,21,6,18,116,481,4920,808,71,125,1369,780,86,250,95,79,355,278,78,45,900,2442,2492,75,82,588,449,1935,8723,130,2662,1135,2088,351,11,55,11676,668,798,338,69,28,920,87,2035,1169,114,169,30,241,769,88,1274,0,122,1206,347,218,58,2054,247,3483,3657,1403,1983,1274,1275,541,251,86,195,50,243,300,59,489,205,245,150,611,42,941,9,2010,256,391,13,1740,39,3,258,57,20,328,136,59,59,36,2188,114,698,2,9,185,348,342,44,1155,812,135,3575,921,390,1304,190,214,189,6,7,1005,559,21,91,346,121,61,128,176,26,129,123,99,1265,253,3252,585,2220,914,150,259,2210,4271,45,1858,125,2594,401,11566,920,1208,1423,351,801,75,96,1897,2548,50,396,1826,17,159,840,623,63,33,31,587,658,557,651,337,550,377,313,2379,139,927,1343,1639,335,55,36,328,3668,3337,173,1027,147,4520,229,565,220,3827,286,3458,226,3483,98,188,86,1331,3292,2825,1416,1492,132,41,15,4999,268,85,11,2161,505,160,3,628,427,2567,225,1294,666,1156,1175,142,66,357,103,284,493,1242,1325,1402,35,3858,1787,1787,160,36,8,310,191,148,286,63,28,30,1592,2254
21/04/2023,1948,3,1451,171,1073,25,217,35,509,219,248,46,161,131,295,175,67,2778,62,15,56,11,636,31,28,354,6,6592,177,741,130,187,2038,1966,7409,75,69,72,24,695,1647,1393,789,268,170,751,46,56,1213,45,465,552,520,23,5,20,118,494,5017,823,71,132,1385,797,89,251,95,76,366,281,82,48,888,2493,2552,68,83,608,456,1954,8898,134,2693,1130,2146,352,11,56,11964,677,811,349,66,29,945,91,2061,1173,119,177,29,248,786,85,1302,0,124,1234,352,225,59,2082,251,3512,3651,1433,2017,1337,1321,555,248,92,202,51,254,314,62,529,216,247,154,622,42,955,9,2053,259,386,15,1778,43,3,260,54,21,338,134,65,65,37,2214,115,708,2,9,185,355,345,45,1180,817,136,3651,931,392,1332,193,228,191,6,5,1025,586,20,90,349,133,62,126,176,24,127,125,103,1287,261,3297,604,2275,929,151,266,2256,4340,44,1895,126,2641,414,11792,956,1219,1446,354,807,75,96,1919,2623,48,409,1858,18,159,856,641,64,32,31,609,684,576,669,352,575,390,350,2446,144,961,1393,1671,348,57,33,334,3728,3395,172,1041,149,4602,233,578,226,3914,292,3543,235,3573,97,190,84,1360,3380,2911,1456,1522,132,44,13,5120,284,90,9,2206,517,161,3,637,433,2548,226,1308,675,1172,1197,145,68,363,109,290,495,1275,1345,1427,36,3919,1815,1815,164,36,8,312,196,151,294,61,27,30,1625,2282
22/04/2023,1956,3,1453,171,1077,25,215,34,505,219,248,45,160,129,297,175,66,2787,61,14,56,11,630,30,27,356,6,6611,174,736,130,184,2037,1967,7406,75,67,70,23,694,1648,1395,788,269,165,754,46,56,1216,45,465,555,521,21,4,20,114,496,5028,826,69,130,1389,794,90,249,96,75,361,278,81,48,889,2499,2555,68,83,602,457,1963,8922,133,2698,1129,2150,355,10,56,11995,669,814,348,67,28,948,91,2071,1178,119,177,29,245,783,84,1307,0,123,1238,348,226,59,2084,251,3517,3657,1435,2024,1343,1320,556,247,92,203,50,248,309,62,524,217,248,155,617,42,958,8,2061,255,387,15,1783,43,3,259,52,20,341,135,64,64,36,2226,116,710,1,9,186,351,341,44,1185,820,135,3662,935,392,1339,193,227,190,6,5,1026,585,19,89,352,132,62,127,173,24,128,124,102,1286,260,3301,595,2279,933,149,266,2261,4350,44,1907,127,2652,406,11822,958,1226,1439,354,809,73,94,1908,2622,48,409,1866,18,159,861,643,63,32,32,611,682,574,665,347,579,390,343,2448,140,964,1397,1672,349,57,33,337,3744,3450,173,1044,148,4615,234,580,227,3923,292,3552,235,3581,97,192,85,1364,3387,2916,1461,1519,130,42,13,5138,284,90,9,2213,519,162,2,638,434,2550,225,1312,678,1175,1199,142,69,363,109,291,496,1278,1337,1422,34,3931,1811,1812,161,36,7,314,197,152,293,61,26,30,1652,2292
23/04/2023,1963,3,1455,171,1081,25,213,33,503,219,249,44,160,127,299,175,66,2795,61,14,56,11,626,30,26,357,6,6628,173,732,131,183,2037,1968,7403,75,66,69,23,693,1649,1397,788,270,163,757,46,56,1218,45,465,557,523,21,4,20,113,498,5037,828,69,128,1393,792,90,247,98,74,358,277,81,48,891,2504,2558,69,83,598,459,1971,8941,132,2702,1128,2154,357,10,57,12021,664,817,347,67,27,951,92,2080,1183,120,178,29,242,782,84,1312,0,122,1241,345,227,59,2087,251,3522,3663,1438,2031,1349,1319,558,247,93,204,49,246,306,62,520,218,249,156,615,43,961,8,2068,252,388,15,1787,43,3,258,52,20,344,137,64,64,36,2236,116,712,1,9,187,348,337,43,1190,823,135,3672,939,392,1345,193,227,190,6,5,1028,585,19,88,355,132,62,128,171,24,130,124,102,1285,260,3306,590,2283,937,149,267,2265,4359,44,1917,128,2662,401,11848,960,1232,1435,355,812,73,93,1902,2621,48,409,1872,18,160,866,645,63,32,32,613,680,572,662,343,583,391,339,2450,138,966,1401,1674,350,57,34,339,3758,3482,174,1047,148,4627,236,582,229,3931,292,3560,235,3589,97,194,86,1368,3393,2921,1467,1517,129,42,13,5154,285,91,10,2220,521,163,2,640,436,2551,225,1316,682,1179,1201,140,70,364,110,291,497,1281,1331,1418,33,3942,1809,1810,160,36,7,316,198,153,293,62,25,30,1661,2301
24/04/2023,1970,4,1457,172,1084,26,212,33,503,219,250,43,160,126,301,175,66,2802,60,14,56,11,623,30,25,359,6,6643,171,729,131,182,2037,1969,7402,75,66,69,22,693,1650,1399,788,271,162,760,46,57,1221,45,465,560,524,20,4,20,113,500,5045,831,68,127,1396,791,91,247,98,74,356,276,81,49,892,2509,2560,69,83,596,461,1977,8958,132,2705,1128,2157,359,9,57,12045,661,820,347,67,27,953,92,2088,1187,121,178,29,241,781,84,1316,0,122,1244,343,228,60,2089,252,3526,3667,1440,2037,1354,1318,559,247,94,205,48,245,303,63,517,218,250,158,613,44,964,8,2074,250,389,16,1790,43,3,258,51,20,347,138,64,64,35,2245,117,714,1,9,188,345,335,43,1194,826,135,3681,942,393,1350,193,227,189,6,6,1029,585,19,87,357,132,62,128,171,24,131,124,102,1285,260,3309,587,2286,941,148,267,2269,4366,44,1926,129,2670,398,11870,961,1237,1431,355,814,72,92,1898,2621,48,409,1877,18,160,870,647,62,33,32,615,680,571,661,340,586,392,336,2452,137,968,1404,1675,351,57,34,342,3770,3500,175,1050,148,4637,238,584,230,3938,292,3567,235,3595,98,196,87,1372,3397,2925,1471,1516,128,41,14,5167,285,92,10,2226,522,164,2,641,438,2553,225,1319,685,1182,1203,138,71,364,110,292,497,1284,1326,1415,33,3952,1807,1808,159,36,7,318,199,154,293,62,25,30,1664,2310
25/04/2023,1798,3,1331,156,984,20,189,36,464,210,235,47,158,125,276,167,68,2590,56,18,44,9,598,23,23,332,4,6179,168,694,114,165,1912,1854,6939,63,78,62,16,643,1523,1314,745,255,169,711,51,56,1138,43,402,471,468,23,5,24,98,438,4650,779,72,120,1264,754,80,248,84,75,334,251,63,44,851,2337,2411,69,85,568,435,1821,8226,148,2558,1044,2019,337,12,48,10999,642,768,318,63,19,903,90,1891,1085,105,163,20,243,745,85,1228,2,110,1154,329,212,50,1977,228,3316,3453,1357,1846,1241,1199,508,228,92,174,48,255,303,54,480,177,225,142,548,37,896,5,1902,240,370,13,1682,46,2,241,50,21,323,126,62,63,26,2051,109,653,2,9,181,325,311,50,1141,859,130,3433,897,379,1263,181,203,190,6,5,958,541,19,91,325,137,57,125,168,26,110,119,110,1199,240,3074,570,2131,872,147,246,2095,4093,51,1721,116,2433,379,10952,906,1141,1317,342,743,63,90,1782,2421,35,377,1718,16,153,800,594,69,34,33,547,652,524,634,306,561,378,331,2306,115,899,1309,1582,329,51,35,306,3406,3153,156,986,138,4308,211,553,221,3661,278,3298,213,3347,88,186,79,1270,3203,2753,1381,1443,129,42,12,4730,275,75,10,2088,469,154,2,582,413,2376,208,1262,603,1092,1123,144,60,336,100,278,454,1147,1220,1306,38,3593,1631,1629,151,34,9,291,182,138,287,57,33,29,1486,2069
26/04/2023,1812,3,1354,157,1002,21,193,35,486,211,235,46,158,124,279,168,67,2612,57,16,45,9,599,24,23,334,4,6239,167,699,115,172,1929,1868,7019,67,76,62,17,652,1547,1333,751,261,165,714,50,56,1149,43,411,481,474,21,4,23,108,446,4714,783,70,120,1279,759,80,247,88,74,338,260,66,44,860,2363,2440,69,84,572,437,1842,8348,141,2596,1059,2042,341,11,52,11153,647,773,324,66,21,910,90,1910,1095,106,164,20,241,755,84,1239,1,117,1164,327,219,50,1992,233,3351,3489,1369,1868,1259,1224,513,233,92,177,47,248,301,55,484,182,228,143,569,38,901,5,1922,240,373,13,1699,45,2,255,50,20,327,128,63,63,26,2080,111,662,1,9,182,323,313,49,1149,860,130,3461,900,382,1273,182,209,189,6,5,971,547,18,90,330,134,57,127,169,25,113,119,108,1210,242,3108,575,2155,878,146,249,2125,4137,50,1745,117,2459,385,11091,917,1156,1338,343,747,64,89,1820,2459,37,383,1751,16,153,813,605,67,34,33,553,663,533,642,310,565,380,330,2326,125,917,1320,1597,338,54,35,309,3453,3298,157,991,140,4354,213,555,222,3694,280,3326,215,3376,92,189,82,1282,3245,2775,1392,1452,128,41,12,4797,277,77,10,2104,480,157,2,589,414,2398,211,1270,610,1101,1135,141,63,345,101,283,464,1163,1239,1325,36,3647,1675,1674,153,34,8,293,185,141,287,58,30,29,1600,2094
27/04/2023,1815,3,1334,164,1011,19,196,39,485,219,240,46,163,133,284,167,68,2602,58,17,48,9,605,24,23,334,4,6276,169,699,123,163,1909,1852,7142,66,75,56,17,664,1567,1348,749,252,169,714,45,61,1136,45,419,479,462,24,2,28,101,433,4732,786,73,125,1266,770,86,249,82,77,331,243,68,55,861,2345,2442,79,81,581,435,1840,8363,163,2578,1059,2044,353,16,44,11167,631,779,323,64,20,898,86,1907,1089,103,172,19,235,747,83,1246,2,111,1172,334,222,47,1986,232,3364,3516,1382,1849,1258,1220,507,236,95,182,51,257,295,64,497,183,225,156,568,36,909,6,1931,229,394,14,1727,48,1,248,53,21,325,124,67,68,27,2059,118,663,2,7,173,335,319,51,1164,813,140,3486,913,386,1275,181,185,199,6,6,980,541,17,96,329,142,61,121,168,26,110,122,108,1183,250,3097,561,2164,874,144,263,2096,4130,48,1753,116,2523,364,11149,920,1141,1304,325,772,66,90,1786,2443,30,377,1726,20,152,810,577,68,31,34,539,647,511,631,300,565,382,310,2326,125,905,1335,1600,331,56,46,319,3465,3195,147,999,129,4383,222,548,237,3685,287,3320,225,3358,88,182,86,1290,3221,2789,1426,1438,132,46,13,4784,292,82,10,2128,485,159,2,576,417,2398,217,1259,625,1111,1149,142,56,348,96,284,464,1175,1207,1300,31,3627,1631,1630,153,31,11,305,188,142,284,56,39,29,1524,2095
28/04/2023,1826,3,1351,165,1023,20,198,38,493,219,240,45,161,130,286,168,67,2620,58,16,49,9,605,24,23,336,4,6323,168,702,124,168,1924,1864,7182,68,73,57,17,668,1581,1359,753,258,165,717,45,60,1145,45,425,486,467,22,2,27,107,439,4777,789,70,124,1277,772,86,247,84,76,335,251,70,55,867,2365,2462,76,81,582,437,1856,8449,154,2605,1069,2061,355,15,48,11280,639,783,327,66,21,904,86,1922,1097,103,172,19,235,755,83,1254,1,116,1180,332,224,47,1998,235,3388,3540,1390,1866,1271,1236,511,238,95,184,50,249,295,63,497,187,227,157,580,37,913,6,1946,231,393,14,1737,47,1,255,52,20,328,125,65,67,27,2081,117,670,1,7,174,332,319,50,1169,817,139,3507,916,387,1283,182,191,196,6,6,988,546,17,95,333,136,61,124,169,25,112,122,107,1194,251,3123,569,2181,879,143,263,2119,4163,48,1771,116,2543,373,11253,927,1152,1323,327,776,67,89,1818,2471,31,382,1749,20,152,820,587,66,31,33,544,659,519,639,304,568,383,316,2341,129,918,1343,1611,338,56,43,321,3500,3300,148,1003,133,4416,224,549,237,3711,288,3343,226,3381,91,185,86,1299,3252,2806,1433,1446,130,45,13,4833,290,83,10,2140,492,160,2,582,418,2415,218,1266,631,1118,1157,140,58,352,97,286,470,1187,1224,1316,30,3667,1661,1660,154,32,10,306,190,144,284,57,36,29,1600,2114
29/04/2023,1837,3,1365,165,1033,20,199,37,497,219,241,44,161,129,289,169,67,2636,59,15,50,9,605,25,23,338,4,6363,167,705,125,172,1937,1875,7213,70,72,58,18,672,1592,1367,758,262,163,720,46,60,1154,45,430,493,471,21,2,27,110,444,4814,793,69,123,1287,773,87,247,87,75,338,257,71,55,872,2383,2479,74,82,582,438,1870,8524,149,2626,1078,2075,357,14,51,11382,644,787,331,67,23,910,87,1936,1104,104,173,19,235,761,83,1262,1,118,1187,330,225,47,2009,237,3408,3560,1397,1881,1283,1249,514,240,95,187,49,247,296,63,498,190,229,158,587,38,917,6,1960,234,393,14,1746,46,1,257,51,20,331,127,64,67,28,2100,117,675,1,7,175,331,319,50,1174,821,139,3527,919,388,1291,183,197,195,6,6,995,551,17,94,336,134,61,126,170,25,114,122,106,1203,252,3145,574,2195,884,143,264,2139,4190,48,1788,117,2561,379,11338,933,1163,1338,329,780,67,89,1838,2493,32,386,1768,20,152,828,595,65,31,33,548,665,526,644,308,572,384,320,2355,131,928,1351,1620,342,56,42,324,3530,3365,148,1008,136,4445,226,551,238,3734,288,3364,227,3402,93,188,86,1308,3278,2820,1440,1453,129,44,13,4876,289,85,10,2151,497,161,2,587,420,2430,219,1273,636,1125,1164,138,60,356,98,288,476,1198,1237,1330,30,3701,1685,1684,155,32,9,308,191,146,285,58,35,29,1629,2132
30/04/2023,1846,3,1377,166,1041,21,200,36,498,219,242,44,160,128,291,170,67,2651,59,15,50,9,606,26,23,340,4,6396,167,707,126,174,1948,1884,7238,71,71,59,18,675,1601,1373,761,264,162,723,46,60,1161,45,434,499,475,21,3,26,111,449,4846,796,69,123,1296,775,88,246,89,75,340,261,73,55,876,2398,2492,73,82,583,440,1882,8584,145,2641,1085,2087,358,14,52,11466,647,791,333,67,23,916,87,1948,1111,105,174,19,235,765,84,1269,1,119,1193,329,226,48,2019,240,3425,3576,1403,1895,1293,1260,518,241,96,189,49,246,296,63,498,194,231,159,592,39,921,6,1973,235,393,15,1753,46,1,257,51,20,334,128,64,66,28,2116,117,681,1,7,177,329,320,49,1179,825,138,3544,922,389,1297,184,201,193,6,6,1001,555,17,93,339,133,61,127,170,25,115,122,105,1211,252,3164,576,2207,889,142,265,2155,4214,48,1803,118,2576,383,11407,938,1172,1349,331,783,68,89,1852,2511,33,389,1784,20,153,835,602,65,31,33,553,669,532,648,311,575,385,322,2366,132,936,1357,1628,345,57,41,327,3557,3406,149,1012,138,4471,227,553,239,3755,289,3382,227,3420,94,190,87,1315,3298,2833,1446,1459,129,43,13,4914,289,86,10,2161,502,162,2,592,421,2443,220,1279,641,1131,1170,137,62,358,99,289,480,1207,1248,1340,30,3731,1703,1703,156,33,9,310,193,148,286,58,33,29,1641,2149
1/05/2023,1856,3,1386,167,1048,22,201,35,499,219,243,44,160,127,293,170,67,2664,59,15,51,10,606,26,23,341,4,6426,166,709,126,176,1957,1892,7258,72,71,59,19,677,1608,1378,764,266,162,725,46,60,1167,45,438,504,479,20,3,26,111,453,4872,799,69,122,1304,775,89,246,90,75,342,263,73,55,879,2411,2502,72,83,583,442,1893,8632,142,2653,1090,2096,360,13,53,11536,649,794,335,67,24,920,87,1960,1117,106,175,20,235,768,84,1275,1,120,1199,328,226,48,2027,241,3439,3589,1408,1907,1301,1267,521,242,96,191,48,246,297,63,498,196,233,160,596,40,924,7,1984,236,393,15,1759,45,1,257,51,20,336,129,64,66,28,2131,117,685,1,7,178,328,320,49,1183,828,138,3559,925,390,1304,185,205,192,6,6,1005,558,17,92,342,133,61,127,170,25,117,122,105,1218,253,3180,578,2217,894,142,265,2169,4234,48,1816,119,2589,386,11464,942,1179,1358,333,787,68,89,1860,2525,34,392,1797,20,153,841,608,64,32,33,557,672,537,650,313,577,386,324,2376,133,942,1363,1634,346,57,40,329,3581,3432,150,1016,140,4492,229,555,240,3773,289,3399,228,3437,95,191,87,1321,3314,2844,1451,1464,128,43,13,4945,288,87,11,2169,505,162,2,596,422,2454,220,1284,645,1136,1175,136,63,359,100,290,483,1215,1256,1349,30,3756,1718,1718,156,33,8,312,194,149,286,59,32,29,1645,2163
2/05/2023,1978,2,1341,150,972,19,196,43,442,219,240,45,156,128,276,169,62,2516,46,24,45,8,607,27,24,321,6,6183,160,703,118,153,1895,1851,6938,71,74,64,18,611,1462,1324,698,240,156,723,46,57,1138,51,391,490,453,24,2,31,97,415,4650,761,64,120,1242,772,76,263,76,77,288,263,61,64,802,2301,2355,77,82,606,411,1872,8248,181,2600,1067,2028,350,19,39,10868,604,755,324,62,18,862,93,1874,1079,101,164,19,246,750,85,1208,2,102,1129,322,211,52,1965,221,3321,3395,1323,1790,1224,1191,496,234,98,179,49,253,291,66,490,180,213,152,540,30,913,8,1936,228,395,17,1681,62,4,247,57,20,308,117,64,63,19,2030,117,651,2,8,176,315,300,50,1140,782,132,3451,893,379,1286,186,178,200,4,6,946,545,17,85,330,123,63,133,164,24,100,109,104,1210,252,3095,557,2168,883,132,240,2059,4035,45,1713,111,2437,343,10953,874,1130,1310,319,787,52,90,1770,2431,33,361,1637,15,174,829,574,66,31,33,537,635,505,647,287,546,385,289,2254,129,880,1291,1539,343,50,44,327,3433,3177,148,987,131,4327,226,544,231,3573,282,3204,208,3237,93,172,90,1242,3206,2709,1407,1472,127,43,14,4778,274,82,9,2101,508,155,2,576,431,2367,219,1231,602,1078,1123,141,51,344,88,284,457,1118,1207,1306,28,3572,1631,1630,152,28,9,316,177,133,268,53,37,32,1517,2059
3/05/2023,1846,1,1354,153,992,20,207,43,464,228,248,48,156,131,242,172,60,2583,44,25,42,8,618,27,24,330,7,6291,175,694,125,152,1902,1855,7151,71,75,66,21,604,1513,1359,721,237,149,758,51,59,1181,54,401,500,469,24,2,31,106,429,4728,792,70,118,1268,784,80,271,76,78,288,222,64,63,823,2361,2424,77,80,609,418,1944,8440,181,2645,1068,2073,366,18,42,11201,612,773,336,59,18,895,98,1937,1126,101,168,20,251,774,88,1237,2,103,1154,319,207,49,1985,225,3394,3476,1353,1852,1258,1227,515,243,101,188,52,257,293,68,508,180,224,163,549,30,946,8,1986,224,398,20,1717,60,3,247,55,19,314,117,68,65,19,2098,118,673,2,8,189,322,307,48,1155,809,131,3532,914,389,1332,195,180,210,4,6,991,558,16,88,345,127,62,133,161,25,115,120,110,1215,251,3189,558,2211,900,134,237,2118,4134,45,1772,110,2473,354,11181,879,1179,1318,327,804,52,94,1772,2482,30,368,1683,15,177,855,581,66,33,34,551,651,522,672,299,550,382,294,2311,131,895,1321,1579,353,48,44,337,3533,3287,154,1021,139,4444,227,568,253,3659,279,3292,213,3328,93,189,89,1269,3252,2770,1435,1486,124,40,13,4895,284,85,10,2165,503,160,2,568,439,2396,230,1254,624,1093,1157,141,53,360,85,296,475,1161,1215,1313,28,3638,1653,1660,158,30,9,317,182,138,266,55,36,32,1548,2124
4/05/2023,1885,1,1369,162,988,20,206,44,437,228,246,46,150,135,236,169,52,2550,44,26,34,6,614,26,23,329,7,6302,170,704,125,153,1897,1853,7290,74,69,62,20,603,1539,1369,729,235,139,775,47,62,1172,54,401,522,468,27,3,29,117,418,4767,801,73,114,1270,793,83,278,75,73,296,227,64,65,803,2402,2463,76,85,627,423,1938,8474,185,2694,1071,2080,365,25,45,11163,625,782,345,65,18,889,108,1919,1124,104,174,20,251,781,89,1227,2,105,1141,325,217,51,2003,228,3431,3518,1358,1872,1233,1223,521,242,100,193,55,256,289,74,529,179,218,162,557,36,958,9,2007,221,391,24,1730,60,3,262,59,20,342,117,70,69,22,2120,109,667,2,8,181,311,301,49,1131,812,130,3525,920,390,1319,192,187,218,4,7,982,555,16,82,344,119,60,126,160,21,113,123,114,1218,246,3199,557,2236,892,141,233,2135,4172,46,1776,118,2493,367,11193,859,1177,1298,321,794,51,93,1774,2485,28,374,1702,17,172,862,593,67,36,33,551,654,527,667,303,534,377,290,2285,135,902,1313,1568,354,46,43,345,3527,3291,152,1035,133,4454,229,575,262,3631,289,3255,211,3302,92,183,87,1256,3306,2740,1421,1479,118,41,13,4884,287,88,13,2185,511,163,2,582,444,2405,233,1293,623,1089,1172,154,53,378,89,304,476,1179,1198,1296,26,3612,1634,1639,157,30,10,331,189,142,261,53,34,31,1543,2123
5/05/2023,1895,1,1377,163,999,20,205,43,462,226,246,45,153,132,238,169,52,2565,45,24,35,6,612,26,23,330,6,6333,168,706,125,157,1909,1862,7296,74,68,62,20,612,1556,1373,736,241,144,776,47,61,1176,52,407,525,471,25,3,28,112,422,4798,803,70,115,1277,790,83,275,76,72,303,235,66,64,815,2413,2477,74,84,618,424,1943,8527,179,2692,1077,2089,365,24,47,11254,632,785,344,66,19,895,107,1929,1129,104,174,20,248,778,87,1235,1,109,1148,324,220,51,2011,230,3442,3538,1367,1884,1244,1235,523,242,99,194,54,250,291,71,522,181,220,162,568,37,960,8,2014,223,391,23,1738,57,2,258,56,20,343,118,67,68,22,2132,112,672,1,8,182,311,304,48,1138,816,130,3539,922,390,1323,192,190,214,4,6,989,557,16,82,346,125,60,127,164,21,114,122,112,1223,247,3209,563,2241,895,140,236,2149,4194,46,1788,118,2510,373,11264,869,1183,1311,322,796,53,92,1801,2500,28,378,1721,17,172,863,598,66,36,33,554,661,531,663,306,538,378,298,2302,134,912,1321,1581,351,48,41,346,3548,3346,152,1037,135,4474,230,576,261,3654,289,3275,213,3323,93,186,87,1265,3318,2758,1427,1481,119,40,13,4912,286,88,13,2191,512,163,2,585,445,2417,230,1296,627,1095,1176,151,54,372,90,299,479,1188,1210,1308,26,3641,1653,1658,157,30,9,332,190,144,262,54,33,31,1592,2136
6/05/2023,1905,1,1385,164,1009,21,205,42,476,225,247,45,155,130,241,170,53,2579,47,23,36,6,611,26,23,332,6,6363,168,707,126,160,1919,1870,7300,74,68,62,20,621,1569,1377,742,246,147,777,47,61,1181,51,413,527,474,24,3,28,111,426,4823,806,69,116,1284,788,84,272,78,72,309,241,67,64,825,2422,2488,73,84,612,426,1948,8574,175,2690,1082,2097,365,23,49,11330,636,788,343,66,20,901,107,1940,1133,105,175,20,246,777,86,1242,1,112,1156,324,222,51,2018,232,3451,3555,1376,1895,1255,1245,526,243,99,195,53,248,292,70,518,184,222,163,576,38,962,8,2020,226,391,22,1745,56,2,257,55,20,344,119,66,68,23,2143,114,676,1,8,182,311,307,48,1144,819,130,3553,925,390,1327,192,194,210,4,6,995,560,16,83,347,128,60,127,166,21,116,122,111,1227,248,3218,568,2245,899,140,239,2161,4213,46,1800,119,2526,377,11323,879,1189,1323,324,799,55,91,1820,2513,29,381,1738,17,172,864,603,65,36,33,557,665,535,660,308,542,380,304,2316,133,920,1328,1593,350,50,41,347,3568,3383,153,1039,137,4492,231,577,260,3675,289,3294,215,3343,94,188,87,1273,3327,2774,1433,1482,120,40,13,4938,286,89,13,2196,513,163,2,589,446,2428,228,1299,631,1101,1179,149,56,368,91,296,482,1197,1221,1318,27,3666,1670,1674,157,31,9,332,192,145,264,54,32,31,1616,2148
7/05/2023,1805,1,1304,159,910,20,204,46,389,220,241,43,142,137,204,164,49,2428,43,23,35,7,586,26,19,311,6,6046,162,665,118,145,1809,1775,6964,75,69,59,20,585,1488,1295,697,231,132,770,43,64,1137,50,381,486,438,27,2,28,111,402,4534,785,72,113,1240,762,90,250,75,72,267,213,61,58,792,2299,2350,67,80,599,407,1834,8141,178,2566,1024,1975,342,27,47,10661,591,770,333,61,18,832,105,1821,1072,101,171,17,240,729,82,1151,1,101,1075,318,192,51,1932,216,3262,3370,1274,1758,1157,1166,486,241,94,192,49,237,260,78,508,165,210,159,520,35,944,10,1886,198,372,22,1657,58,4,252,51,21,301,109,63,64,27,2005,106,633,2,9,173,289,281,52,1071,800,122,3354,879,374,1245,181,184,196,3,5,913,520,17,81,320,110,48,110,144,20,109,116,105,1156,221,3044,525,2098,849,150,199,2055,4003,40,1651,106,2349,356,10668,866,1119,1218,323,770,48,86,1692,2371,30,359,1616,17,183,802,557,65,33,35,528,648,519,636,292,506,367,276,2141,130,856,1237,1475,334,47,42,336,3330,3119,146,1010,127,4313,222,544,250,3462,295,3119,194,3164,88,180,79,1179,3116,2591,1336,1395,113,45,14,4642,271,64,14,2069,464,159,1,545,439,2292,224,1245,592,1045,1107,151,50,343,86,262,466,1135,1120,1207,23,3418,1537,1537,150,28,10,319,188,139,262,41,32,31,1492,2021
8/05/2023,1819,1,1318,160,925,20,204,45,426,220,241,42,147,134,206,165,49,2443,44,22,35,7,590,26,20,312,5,6092,162,674,119,148,1825,1787,7041,74,68,59,20,593,1511,1315,706,236,135,771,44,63,1144,49,388,491,441,25,2,27,111,405,4582,788,70,114,1247,765,90,249,76,72,274,219,62,58,802,2319,2382,68,81,596,408,1848,8227,174,2594,1036,1996,345,26,48,10774,604,773,335,64,19,841,105,1832,1078,101,171,17,239,743,83,1161,1,105,1083,318,202,51,1946,218,3296,3408,1290,1773,1170,1184,490,241,94,193,48,242,268,75,506,168,212,159,537,36,946,9,1901,202,376,21,1673,56,3,255,51,20,307,110,63,64,27,2024,109,640,1,9,174,291,286,51,1080,804,122,3378,882,377,1253,182,187,195,3,5,931,526,17,81,323,119,50,118,152,20,110,118,104,1166,225,3072,538,2121,853,148,203,2075,4040,40,1667,106,2371,364,10781,874,1129,1236,324,773,50,86,1737,2402,30,363,1638,17,183,812,564,64,33,34,531,656,524,642,297,510,369,284,2166,131,871,1248,1496,339,48,41,337,3360,3223,146,1013,130,4345,223,545,249,3488,294,3140,197,3187,90,183,82,1189,3158,2616,1348,1409,114,44,14,4688,274,67,13,2084,473,160,1,549,440,2311,223,1253,596,1051,1120,149,51,350,86,274,471,1146,1137,1225,24,3451,1562,1562,152,28,9,320,189,141,263,42,31,31,1562,2036
9/05/2023,1957,2,1381,168,984,20,215,46,428,233,259,44,162,154,232,182,51,2624,47,24,37,8,631,26,20,337,6,6452,177,688,138,166,1935,1899,7348,74,61,50,19,620,1578,1405,761,258,138,820,49,74,1221,58,401,515,480,27,2,26,132,446,4815,837,75,134,1329,778,94,274,81,75,300,237,65,60,869,2473,2526,75,85,640,423,1969,8672,207,2754,1101,2138,368,26,51,11437,656,825,351,71,19,903,111,1960,1153,111,184,20,243,767,91,1244,1,111,1155,332,202,60,2059,237,3507,3608,1368,1877,1217,1244,526,263,108,202,51,250,266,85,538,174,237,174,574,39,1013,10,2035,222,411,23,1783,56,4,257,49,20,329,117,67,64,28,2163,110,680,2,9,192,321,307,52,1126,860,127,3576,937,403,1331,188,205,223,4,6,978,567,14,88,369,111,51,119,151,21,117,117,116,1248,237,3234,576,2223,928,167,216,2227,4302,47,1801,122,2561,379,11528,891,1202,1316,352,823,52,94,1784,2516,35,375,1749,21,172,852,615,67,33,31,577,693,561,690,308,533,397,293,2291,137,930,1332,1583,339,55,46,356,3588,3357,154,1078,143,4613,237,599,268,3707,314,3329,208,3369,104,199,89,1271,3310,2765,1404,1483,129,52,18,4996,273,52,14,2216,485,168,1,580,467,2447,239,1357,638,1126,1187,159,53,371,91,298,497,1225,1204,1293,20,3719,1672,1673,165,29,8,346,210,154,284,50,34,34,1609,2190
10/05/2023,1961,2,1387,168,994,20,212,45,447,231,259,43,160,148,234,180,51,2636,47,23,37,8,625,26,20,338,5,6469,173,692,137,167,1942,1903,7336,74,61,51,19,625,1585,1399,762,259,140,818,48,72,1219,56,406,518,482,25,2,25,118,448,4835,837,71,130,1333,778,94,269,82,74,305,241,66,59,870,2474,2525,73,84,629,424,1970,8696,203,2733,1101,2136,367,25,51,11483,652,825,348,68,19,907,110,1969,1156,111,183,20,241,768,87,1250,1,112,1161,330,207,60,2059,238,3503,3610,1375,1887,1227,1251,528,257,106,202,50,248,271,83,530,176,237,174,579,39,1011,9,2039,224,405,22,1782,54,3,256,49,20,332,117,65,64,28,2170,112,683,1,9,191,320,308,51,1132,859,127,3586,939,399,1334,188,206,217,4,6,985,567,14,87,367,118,52,122,155,21,118,118,114,1248,239,3238,575,2229,930,165,219,2227,4304,47,1811,122,2572,380,11556,896,1205,1325,352,824,53,92,1803,2525,35,378,1760,20,172,854,617,66,33,31,579,684,559,675,309,536,396,298,2306,135,934,1338,1593,342,55,44,356,3604,3384,154,1077,143,4612,237,600,266,3724,310,3344,210,3385,100,197,88,1278,3319,2779,1412,1483,128,51,17,5011,276,55,13,2218,490,166,1,583,467,2454,235,1350,641,1130,1187,157,54,367,91,294,495,1229,1214,1304,21,3737,1684,1685,161,29,7,346,207,153,284,51,33,34,1620,2199
11/05/2023,2023,2,1440,164,1001,19,220,45,439,235,263,50,169,153,240,190,57,2784,49,23,39,8,672,31,21,347,6,6703,177,700,135,165,2008,1969,7759,73,69,55,21,651,1630,1457,784,275,149,853,52,76,1259,58,423,558,521,28,2,29,148,470,4998,879,82,131,1371,804,105,281,82,78,311,254,63,54,928,2594,2647,76,86,681,465,2054,9041,208,2897,1153,2217,385,26,48,12052,686,863,383,76,18,979,120,2044,1193,126,192,24,247,791,96,1324,2,115,1230,346,204,66,2138,250,3693,3791,1449,1991,1301,1327,574,269,116,207,53,254,288,84,570,178,249,175,607,43,1062,13,2163,235,451,23,1857,60,2,268,47,23,352,138,58,67,32,2258,111,703,3,9,191,322,308,53,1178,859,138,3778,986,411,1391,200,207,235,3,8,1008,603,15,90,389,134,53,120,165,20,132,132,124,1292,234,3408,598,2332,995,162,226,2317,4518,39,1872,135,2660,401,12144,915,1230,1359,361,861,56,96,1859,2640,34,389,1805,22,187,893,661,70,26,31,611,735,584,727,317,558,404,327,2397,138,962,1416,1666,350,58,41,373,3726,3476,155,1135,154,4818,257,631,288,3913,324,3520,223,3563,115,208,84,1358,3525,2912,1474,1534,129,57,23,5293,296,57,15,2345,523,181,1,620,485,2530,250,1465,673,1199,1219,166,52,384,103,314,527,1305,1238,1345,22,3902,1752,1752,165,30,7,355,209,159,299,63,33,34,1678,2278
12/05/2023,2024,3,1448,182,1018,20,217,41,444,236,267,49,178,156,244,191,60,2821,48,24,41,8,673,31,24,350,6,6776,170,721,137,171,2026,1980,7863,74,72,55,22,657,1644,1458,779,281,154,860,52,71,1263,59,440,555,535,32,2,31,136,478,5059,890,79,133,1361,800,108,288,86,80,320,267,69,51,934,2614,2673,75,87,686,465,2057,9103,205,2925,1148,2229,387,24,47,12160,686,869,379,79,20,992,121,2054,1187,125,183,27,244,784,106,1353,2,122,1253,351,208,65,2171,249,3710,3823,1486,2021,1316,1340,556,276,112,200,52,256,278,83,577,181,260,181,604,45,1087,14,2209,248,446,27,1854,64,1,274,48,23,352,124,59,69,34,2264,106,703,3,9,194,324,308,53,1197,908,139,3832,1011,456,1419,202,209,232,3,8,1006,608,20,88,384,133,53,116,171,20,126,130,126,1252,231,3420,592,2343,1006,162,240,2348,4551,42,1882,138,2702,418,12255,938,1232,1371,362,860,59,97,1872,2663,37,399,1823,25,196,893,670,72,28,31,617,738,587,726,318,563,412,333,2431,145,965,1446,1699,356,54,43,375,3744,3477,158,1154,160,4851,257,649,301,3972,325,3570,229,3619,123,205,85,1386,3566,2964,1495,1556,131,59,23,5354,292,59,16,2386,531,183,1,637,492,2545,253,1447,682,1219,1220,163,50,390,100,309,543,1331,1249,1359,23,3933,1767,1767,165,31,7,354,212,151,301,60,33,33,1680,2282
13/05/2023,1976,3,1413,181,987,20,212,39,428,229,265,48,161,149,231,191,58,2739,48,24,39,5,613,29,23,343,6,6627,163,703,135,163,1983,1926,7654,71,71,55,18,640,1591,1423,743,274,148,848,50,71,1247,58,428,548,512,30,2,31,136,478,4943,868,75,127,1331,773,107,279,80,77,320,253,70,52,907,2533,2598,74,84,670,449,2024,8903,203,2859,1128,2152,382,24,42,11872,683,855,359,78,18,974,119,2006,1174,123,192,26,233,763,102,1307,2,116,1205,342,205,60,2115,246,3611,3710,1441,1975,1269,1286,565,276,111,195,51,255,273,81,568,179,263,172,581,42,1072,14,2156,242,437,27,1787,61,1,265,48,22,345,123,60,66,32,2215,107,687,3,9,188,310,294,52,1180,890,140,3759,979,445,1381,197,210,229,2,8,983,608,19,88,377,130,53,116,162,20,125,124,126,1292,232,3337,570,2280,990,156,230,2279,4429,44,1836,133,2614,406,11935,914,1204,1344,355,843,56,94,1830,2600,36,392,1765,26,189,869,664,70,26,30,616,721,575,729,309,549,405,322,2365,141,952,1396,1649,351,52,43,369,3657,3407,154,1141,156,4736,250,644,299,3852,309,3469,220,3512,121,201,84,1334,3492,2878,1471,1536,130,58,23,5252,283,58,17,2323,527,178,1,622,481,2478,248,1424,661,1174,1198,158,48,384,96,303,530,1290,1225,1332,22,3862,1737,1735,161,32,7,342,204,149,291,57,33,32,1642,2226
14/05/2023,1924,3,1378,177,968,19,204,39,420,223,258,47,167,145,228,185,60,2673,47,24,38,5,621,29,23,339,6,6451,157,679,129,155,1931,1875,7406,71,73,53,18,626,1551,1377,733,269,144,830,50,67,1213,58,416,524,492,29,2,30,128,464,4807,849,69,125,1295,742,107,271,76,71,295,244,68,53,877,2471,2549,69,82,644,436,1955,8669,197,2764,1100,2100,378,23,52,11482,659,836,346,77,17,943,114,1960,1156,120,183,23,232,749,100,1275,2,113,1177,331,200,58,2055,234,3518,3615,1400,1905,1232,1251,542,270,108,189,51,248,271,81,548,172,256,167,563,42,1043,12,2083,237,423,25,1747,60,1,255,46,22,336,116,60,65,31,2161,104,672,3,9,178,304,288,50,1141,862,135,3646,949,427,1336,190,204,226,2,8,997,591,18,85,372,128,53,111,161,21,121,122,125,1264,225,3234,548,2220,968,151,225,2226,4317,40,1788,127,2537,394,11607,887,1170,1292,345,816,52,89,1783,2531,36,372,1722,25,184,851,652,70,25,28,598,694,553,699,295,535,398,311,2308,135,931,1363,1608,340,51,41,360,3553,3322,148,1110,152,4588,239,624,295,3745,307,3379,216,3418,118,197,80,1302,3402,2798,1426,1503,127,55,21,5065,278,56,16,2242,513,173,1,610,466,2408,241,1395,638,1146,1163,152,46,367,93,295,508,1246,1174,1281,21,3745,1673,1673,159,32,7,330,196,143,289,56,29,30,1594,2171
15/05/2023,1890,3,1355,177,958,17,201,39,412,218,256,42,165,146,229,178,62,2646,47,23,42,6,622,26,22,328,6,6403,149,655,130,153,1915,1859,7379,65,67,48,18,616,1556,1394,740,266,141,819,49,69,1219,53,409,524,499,27,2,29,123,476,4758,841,67,124,1295,727,112,258,80,71,295,251,69,53,853,2475,2537,70,82,633,448,1957,8591,196,2741,1087,2091,371,23,41,11486,665,819,339,73,19,949,118,1952,1147,112,182,23,224,732,98,1284,2,118,1188,337,200,60,2036,231,3524,3593,1394,1910,1233,1253,539,265,113,193,50,244,272,78,537,173,259,171,561,40,1040,13,2109,230,429,24,1752,59,3,237,46,22,322,118,61,62,26,2129,95,663,2,9,177,297,279,58,1161,855,137,3650,963,426,1335,196,211,218,2,7,948,596,18,83,363,126,52,118,162,20,123,124,124,1253,223,3187,547,2222,973,144,223,2235,4313,40,1776,132,2567,385,11608,912,1173,1271,348,819,52,86,1753,2524,37,370,1722,25,185,848,650,64,26,26,608,695,554,701,296,548,390,312,2302,130,937,1372,1606,333,53,43,363,3521,3284,147,1101,152,4558,242,624,288,3726,302,3373,210,3411,123,193,78,1309,3361,2793,1445,1487,131,55,18,5101,281,57,14,2258,503,170,1,604,459,2380,231,1382,644,1152,1152,150,43,365,94,286,499,1250,1151,1255,20,3712,1653,1653,154,33,6,338,200,145,292,60,28,34,1592,2158
16/05/2023,1936,3,1413,182,986,18,208,38,424,220,258,46,162,147,276,187,67,2722,52,22,43,8,626,29,23,330,6,6640,155,688,126,162,1987,1934,7591,69,66,52,19,649,1637,1451,775,279,155,831,46,68,1230,51,431,550,539,24,1,31,128,487,4897,870,66,127,1332,759,108,258,82,76,295,260,75,53,869,2581,2626,69,85,652,459,2010,8849,205,2845,1114,2171,379,23,47,11803,697,848,356,84,18,990,124,1974,1171,115,187,27,225,745,116,1317,2,122,1211,356,208,62,2106,237,3660,3735,1432,1942,1271,1307,580,266,109,199,48,255,289,76,556,171,265,167,577,36,1069,13,2114,227,447,22,1819,56,7,238,47,19,322,123,62,62,31,2173,95,672,1,9,183,304,289,62,1183,871,139,3716,996,462,1353,203,222,215,2,7,970,604,17,86,379,136,52,117,172,25,132,134,125,1295,236,3283,573,2302,1011,143,221,2346,4485,41,1817,142,2647,405,11983,949,1213,1316,360,866,50,84,1836,2593,38,382,1771,24,186,871,678,62,27,30,619,697,556,707,292,561,406,325,2365,132,960,1401,1644,337,59,44,381,3611,3380,149,1127,159,4690,251,642,294,3831,309,3470,213,3506,127,204,84,1337,3455,2856,1459,1542,130,55,20,5188,293,60,14,2283,527,174,1,624,473,2466,235,1433,652,1159,1185,153,46,374,102,291,521,1298,1196,1310,22,3826,1723,1714,161,33,4,339,201,146,302,68,29,34,1623,2185
17/05/2023,1952,2,1395,184,1000,19,220,39,430,220,254,48,163,147,241,194,70,2721,54,23,42,7,632,28,25,331,6,6666,153,683,129,165,1965,1918,7767,69,67,55,20,646,1677,1469,775,298,169,833,44,67,1236,52,437,551,546,25,1,33,132,495,4882,891,73,127,1337,756,107,257,84,78,299,263,77,55,875,2622,2689,71,89,653,480,2010,8909,207,2867,1112,2202,386,23,49,11979,702,862,355,85,19,1018,127,2002,1179,119,191,28,233,768,113,1326,2,129,1218,356,217,61,2082,250,3712,3756,1438,1962,1305,1328,581,266,111,206,43,258,295,74,547,176,262,153,575,32,1085,12,2138,227,463,21,1833,57,6,232,46,21,319,136,65,65,33,2193,95,683,1,8,172,315,296,62,1195,891,142,3753,1004,463,1359,198,218,216,2,6,988,608,16,82,378,142,52,111,179,25,132,131,129,1278,226,3288,575,2323,1018,139,221,2379,4537,42,1838,145,2686,397,12108,953,1245,1304,360,878,54,83,1818,2621,39,401,1801,25,185,881,687,63,28,29,624,711,556,705,292,571,389,315,2382,134,987,1414,1646,337,61,46,379,3633,3379,148,1139,155,4714,253,647,286,3834,315,3471,214,3511,130,216,86,1349,3479,2852,1472,1519,127,55,21,5244,304,64,14,2299,531,181,1,617,482,2438,236,1344,663,1154,1193,146,46,377,110,290,529,1336,1183,1297,20,3826,1705,1704,164,34,4,344,204,145,304,73,30,33,1616,2207
18/05/2023,1929,3,1366,182,981,19,222,37,428,222,251,48,173,152,235,194,69,2752,52,23,40,8,629,28,24,325,5,6649,159,692,123,165,1955,1905,7783,71,67,54,22,630,1650,1470,773,313,180,840,43,64,1217,58,438,553,548,25,1,31,133,502,4856,893,71,139,1341,741,106,249,90,76,293,263,82,57,897,2577,2549,69,90,641,484,1971,8850,202,2868,1084,2179,384,16,54,11935,697,868,349,87,20,1023,135,1990,1177,125,191,27,230,760,113,1314,2,122,1207,360,211,66,2095,250,3702,3733,1444,1949,1303,1311,583,273,108,202,41,261,304,76,548,181,273,149,561,31,1089,14,2110,233,472,24,1804,56,6,242,44,20,321,138,69,63,37,2182,99,675,1,7,173,312,296,63,1208,859,142,3732,986,457,1349,190,233,212,3,6,986,614,17,83,363,143,53,113,181,23,130,130,131,1267,214,3250,580,2306,1001,136,218,2336,4491,41,1822,149,2664,388,12038,932,1226,1292,344,875,58,84,1818,2639,43,416,1797,25,189,868,643,61,29,31,643,721,571,717,294,569,410,329,2387,122,993,1408,1652,327,59,44,378,3593,3336,162,1152,146,4688,260,647,294,3841,310,3473,216,3513,130,217,82,1336,3467,2847,1495,1509,127,53,24,5243,309,62,15,2276,545,183,0,622,492,2440,240,1419,666,1142,1173,148,43,374,110,282,520,1331,1173,1292,21,3835,1686,1684,166,30,5,350,211,149,299,73,28,31,1603,2186
19/05/2023,1928,3,1363,183,973,20,224,36,423,217,239,40,166,147,233,197,71,2759,51,22,38,8,609,25,24,317,5,6606,158,688,125,165,1946,1895,7758,73,68,53,22,633,1658,1481,784,308,176,825,40,65,1202,56,421,534,545,22,2,35,137,503,4831,881,71,143,1344,751,103,243,93,75,298,269,85,59,904,2564,2646,70,86,638,486,1946,8835,197,2887,1073,2180,379,12,51,11915,691,851,341,86,20,1030,136,1967,1165,126,186,27,228,745,112,1323,1,138,1221,364,217,66,2098,240,3700,3734,1446,1960,1298,1300,571,268,107,210,40,260,309,74,555,196,270,152,575,32,1071,14,2103,233,476,29,1809,55,6,246,46,20,323,143,65,64,37,2169,96,651,1,7,171,307,295,61,1218,874,134,3700,988,450,1351,191,231,209,3,6,962,607,18,79,363,147,50,113,176,24,129,131,130,1264,207,3213,573,2290,993,131,222,2318,4491,46,1810,148,2646,388,11988,965,1200,1275,344,873,51,85,1801,2618,46,416,1783,26,188,852,645,62,31,31,640,721,577,709,294,576,416,331,2385,120,1001,1426,1645,330,56,44,363,3562,3306,164,1130,145,4652,264,640,289,3864,308,3490,215,3522,130,212,84,1346,3494,2852,1497,1495,125,52,23,5240,320,64,15,2265,546,184,0,620,479,2436,241,1412,676,1154,1154,149,42,376,108,282,513,1317,1155,1269,22,3805,1658,1661,174,31,5,348,211,147,310,70,29,29,1596,2164
20/05/2023,1914,3,1327,183,969,17,215,33,426,214,228,37,162,144,241,195,68,2709,50,21,37,9,584,26,24,308,5,6467,153,666,119,164,1901,1847,7609,71,60,51,23,623,1614,1452,752,305,175,802,39,63,1196,55,407,531,533,22,3,34,137,493,4727,858,63,138,1324,721,96,235,92,71,286,265,84,58,886,2493,2572,70,88,629,481,1923,8632,206,2826,1049,2141,371,11,49,11739,671,827,336,85,19,1004,110,1940,1148,125,185,25,221,724,112,1297,1,138,1201,361,218,65,2045,237,3611,3650,1415,1934,1274,1270,561,271,110,203,38,248,303,72,534,190,263,151,580,30,1050,13,2068,232,475,30,1752,53,6,238,45,21,316,147,67,62,37,2143,95,628,1,7,164,303,284,62,1189,852,132,3627,970,446,1325,189,226,202,3,5,943,598,18,80,357,141,45,116,165,25,128,127,122,1233,203,3123,559,2245,988,133,217,2254,4385,47,1787,146,2564,370,11735,935,1192,1254,332,860,48,85,1748,2555,46,416,1755,27,187,839,636,61,30,31,628,704,561,694,287,563,411,325,2340,120,972,1400,1615,325,54,45,358,3531,3273,163,1111,142,4572,266,641,279,3799,300,3423,217,3449,126,214,82,1331,3419,2804,1461,1459,125,52,23,5151,310,66,16,2224,545,177,0,613,466,2382,241,1371,661,1133,1145,148,40,374,106,282,507,1283,1135,1246,19,3746,1629,1630,165,31,5,347,210,144,307,68,28,27,1553,2143
21/05/2023,1869,3,1285,180,948,17,208,32,415,208,217,35,158,139,239,189,63,2632,46,19,36,9,575,26,23,299,5,6272,149,642,119,160,1843,1787,7414,70,48,53,23,609,1555,1417,726,303,172,773,39,59,1150,55,391,518,518,21,3,34,136,470,4581,824,64,131,1281,695,93,229,88,69,279,261,80,57,855,2413,2495,65,85,611,470,1857,8369,202,2750,1016,2068,356,11,48,11345,647,790,326,82,18,979,127,1882,1119,123,180,25,219,709,110,1265,1,137,1170,350,217,64,1982,227,3498,3540,1382,1880,1237,1233,547,268,103,194,39,240,299,71,511,182,253,147,563,30,1014,13,1992,228,466,29,1690,53,6,230,44,23,300,142,61,59,37,2085,92,609,1,7,162,293,276,61,1147,822,128,3504,944,430,1266,183,220,198,3,5,923,563,17,74,348,135,45,114,163,24,127,125,120,1191,198,3037,539,2187,961,129,213,2180,4257,47,1746,143,2498,357,11435,899,1157,1211,320,843,46,80,1693,2483,46,411,1701,25,182,814,610,59,29,30,597,686,535,657,266,534,406,317,2281,118,945,1364,1577,319,53,40,343,3429,3169,158,1076,137,4420,259,618,280,3695,290,3329,210,3354,124,210,81,1298,3318,2731,1411,1412,121,50,22,4972,298,65,16,2132,524,172,0,592,450,2304,242,1331,644,1101,1095,145,38,366,105,276,497,1250,1093,1200,18,3622,1572,1574,162,34,5,346,209,144,292,68,25,27,1516,2086
22/05/2023,1866,3,1289,184,952,17,204,38,413,209,232,37,165,135,234,192,65,2632,50,18,37,9,577,28,25,306,5,6273,149,650,121,161,1848,1787,7377,72,45,52,22,613,1561,1395,716,301,177,782,40,63,1151,56,396,514,519,20,3,33,135,469,4566,834,66,133,1275,694,91,222,92,67,273,261,81,59,847,2403,2478,66,80,602,474,1851,8348,202,2750,1023,2052,363,13,49,11320,644,811,330,82,19,972,123,1860,1106,124,179,25,212,706,115,1270,1,138,1175,347,215,64,1977,225,3470,3510,1380,1873,1244,1229,543,272,104,197,36,233,293,68,502,181,252,141,561,28,1015,13,1981,216,455,29,1687,47,8,223,43,22,313,140,63,61,37,2078,94,605,1,6,166,294,271,58,1160,828,132,3507,945,429,1270,173,215,199,4,5,906,558,18,75,341,120,46,118,158,20,129,125,114,1187,205,3018,533,2166,956,131,215,2181,4219,45,1730,148,2466,365,11412,888,1158,1212,308,830,48,80,1693,2472,45,411,1691,25,178,812,605,58,32,31,591,669,532,658,267,545,405,314,2282,117,940,1365,1579,310,54,38,352,3415,3150,157,1087,134,4449,250,607,278,3696,284,3342,215,3346,129,207,80,1301,3295,2738,1417,1402,116,49,23,4941,283,63,18,2118,525,170,0,594,465,2316,233,1330,632,1114,1084,146,37,356,113,268,491,1263,1104,1220,18,3630,1578,1576,165,30,4,339,203,140,289,70,28,27,1509,2066
23/05/2023,1932,4,1311,179,994,16,209,39,421,219,239,38,166,136,242,207,69,2713,48,17,38,9,599,28,26,322,5,6456,154,674,123,165,1881,1825,7593,70,51,56,21,626,1601,1435,721,304,181,805,40,62,1185,49,422,520,539,20,3,45,136,476,4699,857,66,136,1325,717,92,223,98,64,282,267,83,57,873,2442,2521,66,73,629,488,1896,8618,198,2829,1033,2093,372,13,48,11705,656,835,336,81,20,1015,124,1938,1141,128,190,25,220,738,118,1311,1,144,1214,359,220,64,2020,232,3539,3590,1417,1913,1294,1285,563,283,106,199,38,243,297,73,500,183,247,143,570,27,1046,14,2039,230,461,30,1736,48,8,224,42,22,325,147,66,65,41,2143,95,637,1,6,166,292,271,58,1197,846,137,3611,975,436,1328,176,224,206,2,5,960,571,17,81,347,122,44,119,159,20,137,128,112,1187,209,3114,545,2227,974,132,226,2221,4317,45,1787,154,2552,370,11773,921,1209,1247,306,861,50,80,1721,2548,45,429,1742,27,182,841,615,65,32,35,599,689,548,664,274,566,402,315,2361,122,968,1411,1629,315,58,40,366,3538,3249,161,1117,137,4581,261,631,276,3809,296,3439,227,3439,129,199,84,1341,3355,2825,1469,1414,115,50,24,5130,284,60,17,2189,536,174,0,610,474,2360,230,1356,640,1145,1119,142,40,357,113,294,499,1319,1129,1247,18,3729,1619,1617,175,35,4,354,211,149,302,70,26,27,1569,2144
24/05/2023,1957,4,1350,176,1016,15,217,43,437,228,246,37,161,133,249,203,59,2734,47,18,42,10,620,32,26,328,6,6570,153,695,122,167,1919,1858,7716,76,47,58,23,636,1618,1432,726,305,182,830,42,62,1205,49,435,537,540,21,3,48,131,480,4773,888,73,139,1350,735,98,222,102,58,288,273,82,58,879,2483,2559,68,72,633,485,1926,8757,187,2874,1057,2129,387,16,47,11883,669,862,341,78,22,1056,122,1966,1146,132,191,27,228,755,125,1309,1,140,1211,365,221,66,2055,244,3598,3646,1416,1935,1281,1279,558,289,103,206,41,250,305,76,518,182,253,137,579,27,1069,13,2081,233,470,28,1778,46,8,237,42,23,326,149,68,69,41,2193,93,649,1,6,164,302,279,60,1208,862,141,3647,983,445,1359,174,217,205,2,5,973,569,17,82,361,128,52,112,162,18,136,126,114,1217,212,3172,554,2258,988,141,227,2272,4380,47,1816,158,2605,376,11998,937,1226,1273,303,873,50,83,1751,2583,46,431,1771,26,177,862,627,66,34,34,605,707,552,672,276,581,392,323,2349,122,982,1393,1634,311,58,41,382,3606,3304,171,1145,138,4658,264,640,276,3837,295,3466,225,3459,128,203,82,1339,3408,2834,1473,1437,119,52,23,5233,297,57,17,2232,536,177,0,633,483,2400,241,1365,639,1154,1138,143,43,354,117,296,505,1370,1154,1271,19,3785,1652,1649,183,36,4,346,210,148,302,72,27,27,1592,2189
25/05/2023,1990,6,1327,175,1029,16,227,42,451,227,252,37,167,136,261,206,59,2786,49,14,41,10,642,32,24,336,6,6626,157,694,122,166,1921,1856,7803,77,44,51,25,639,1629,1441,737,310,186,832,45,61,1211,54,449,544,549,21,3,48,136,516,4806,906,72,142,1379,747,96,218,103,57,291,274,85,59,890,2516,2576,70,73,648,490,1942,8852,188,2864,1060,2167,399,17,50,12109,686,863,350,79,22,1068,126,2001,1161,131,195,23,231,761,127,1317,1,140,1218,363,221,65,2043,253,3632,3721,1423,1979,1317,1308,566,298,110,215,43,244,301,74,529,183,266,140,608,23,1080,13,2119,228,473,26,1790,50,8,237,45,22,336,155,68,73,42,2215,95,662,1,6,167,306,284,64,1236,891,144,3747,1011,460,1383,175,217,198,2,5,984,607,16,88,363,117,55,121,163,19,139,133,114,1222,208,3180,564,2263,981,143,235,2304,4457,45,1843,165,2636,398,12120,960,1229,1295,312,870,47,82,1768,2593,46,423,1791,25,178,864,616,60,37,34,642,731,572,706,285,579,385,335,2373,123,982,1423,1647,314,55,46,388,3653,3340,170,1154,136,4726,265,645,271,3900,291,3516,228,3498,124,202,87,1352,3440,2853,1484,1451,121,56,22,5325,299,52,16,2274,554,178,0,630,492,2413,246,1375,651,1176,1152,138,44,355,121,300,532,1412,1175,1289,19,3850,1698,1696,179,36,3,357,215,151,311,74,22,31,1598,2212
26/05/2023,2014,6,1348,180,1047,16,237,42,462,215,253,36,175,136,268,210,58,2837,48,13,39,10,646,33,23,341,6,6727,168,699,127,163,1946,1877,7914,78,48,53,27,636,1674,1456,753,311,183,845,52,67,1220,55,472,551,559,22,3,50,141,521,4869,918,80,137,1390,766,96,227,103,58,290,275,86,61,908,2572,2607,71,79,651,497,1970,8960,179,2901,1076,2226,395,15,54,12264,696,874,352,75,23,1075,122,2024,1179,131,199,25,234,762,125,1339,2,146,1242,366,224,64,2072,262,3678,3790,1451,2003,1322,1324,574,301,116,220,42,242,294,76,531,182,272,141,630,25,1096,13,2155,233,476,24,1845,47,9,240,40,26,349,171,73,73,40,2244,91,666,1,6,173,311,287,69,1254,898,138,3778,1020,446,1417,194,217,203,2,4,971,617,17,91,372,119,58,129,161,18,140,132,109,1224,210,3253,576,2319,995,147,236,2357,4542,48,1866,169,2677,404,12276,976,1248,1332,328,903,48,82,1793,2633,47,442,1805,24,185,869,630,66,39,36,646,732,576,718,291,590,386,336,2406,122,993,1445,1683,299,55,41,393,3683,3380,168,1184,133,4811,271,659,282,3972,318,3591,223,3568,127,216,92,1373,3485,2901,1500,1459,119,53,22,5345,292,53,15,2304,564,179,0,649,500,2443,252,1387,661,1190,1162,140,47,360,117,307,531,1448,1204,1318,24,3935,1737,1736,187,38,3,357,218,157,329,78,22,31,1598,2244
